id,name
1,Estrada Group
2,"Hall, Eaton and Russo"
3,Mullins-Alvarez
4,Huffman-Holland
5,Maxwell-Hernandez
6,Whitaker-Perez
7,"Ramos, Brown and Griffin"
8,Wyatt-Alexander
9,Cook-Schmidt
10,Brown-Adams
11,Becker Inc
12,"Davis, Bell and Cruz"
13,Barber-Lutz
14,"Kemp, Le and Chapman"
15,Murray-Willis
16,Gardner Ltd
17,"Nelson, Torres and Williams"
18,Willis-Sharp
19,Mathews Ltd
20,Warren and Sons
21,"Patton, Keller and Elliott"
22,Webb-Bryant
23,Jones and Sons
24,Martin-Williams
25,"Pena, Woods and Myers"
26,Richardson Group
27,"Turner, Harris and Banks"
28,Evans Ltd
29,Cooley Ltd
30,"Campbell, Clark and Berry"
31,Todd LLC
32,Foster Inc
33,Johnson-Estes
34,Campbell-Carey
35,"Rivas, Bowman and Flores"
36,Rojas Ltd
37,"Little, Hamilton and Zimmerman"
38,Gardner-Holmes
39,Mitchell LLC
40,Eaton Inc
41,"Barber, Jordan and Stevens"
42,Jones Group
43,Cruz-Bowers
44,Bray and Sons
45,Barton-Mcintyre
46,Smith and Sons
47,Thornton Ltd
48,Kennedy-Dennis
49,"Luna, Woods and Knight"
50,Williams Group
51,Lang-Galvan
52,Fuentes-Davenport
53,Tran Ltd
54,Williams-Gonzalez
55,"Lee, Johnson and Bruce"
56,Hammond-Johnson
57,Robinson PLC
58,Medina-Clark
59,Lozano Group
60,Moore-Nichols
61,Jackson-Glenn
62,"Weaver, Waters and Gillespie"
63,Patrick Inc
64,Brown-Welch
65,"Nielsen, Marshall and Johnson"
66,Nelson LLC
67,Ferguson-Bonilla
68,Gonzalez-Frank
69,Smith Group
70,Wilson Group
71,Strickland Inc
72,Trujillo-Meza
73,Gonzalez-Murray
74,Garcia Ltd
75,"Garcia, Porter and Guzman"
76,Miller Ltd
77,"Vasquez, Clay and Wilkerson"
78,Gonzalez-Harris
79,Mullins and Sons
80,Hoffman-Ford
81,Wallace-Villarreal
82,Harrison-Johnson
83,Maxwell-Taylor
84,Watts LLC
85,Odonnell-Pittman
86,Soto PLC
87,Scott-Wilson
88,"Jones, Nunez and Rodriguez"
89,Jacobs-Sanders
90,Atkins-Gonzalez
91,Anderson-Edwards
92,"Henry, Garza and Reeves"
93,Gilbert LLC
94,Carrillo-Davis
95,Haynes Ltd
96,"Thompson, Andrews and Guzman"
97,"Cummings, Tucker and Davis"
98,"Tran, Gonzalez and Munoz"
99,Garcia Inc
100,Hodge PLC
101,Davis and Sons
102,Pierce-Smith
103,Brown PLC
104,Garcia PLC
105,"Shannon, Murphy and Gordon"
106,Stevens-Browning
107,Davis-Moran
108,Lowe PLC
109,Aguilar-Hernandez
110,Jenkins Inc
111,Sutton-Davis
112,"Mendoza, Wall and Knapp"
113,"Olson, Patterson and Gilmore"
114,"Vasquez, Griffin and Duncan"
115,"Keller, Lopez and Sloan"
116,"Case, Bennett and Nguyen"
117,Hines-Moreno
118,"Pena, Bishop and Brown"
119,"Miller, Vaughn and Coleman"
120,"Anderson, Bryant and Peterson"
121,Turner and Sons
122,"Holt, Cook and Foley"
123,"Sanchez, James and Cobb"
124,Castillo Ltd
125,"Stevens, Ruiz and Silva"
126,Macdonald-Brewer
127,"Howard, Barker and Riley"
128,Wagner and Sons
129,Cook PLC
130,Doyle Inc
131,"Henderson, Beltran and Jones"
132,"Hogan, Henry and Wagner"
133,Atkinson-Baker
134,Atkinson Group
135,Williams Ltd
136,Morales-Kennedy
137,Ingram-Ruiz
138,Richard LLC
139,Jennings-Gilbert
140,Duffy-Nash
141,"White, Newman and Rowland"
142,"Taylor, Casey and Weaver"
143,"Copeland, Hardy and Knight"
144,"Hess, Hanson and Carr"
145,Garcia Ltd
146,Riley Ltd
147,Roy Group
148,Stone PLC
149,Smith-Bowman
150,Robertson Inc
151,"Reynolds, Hansen and Martinez"
152,"Simpson, Mccoy and Cisneros"
153,Carpenter and Sons
154,"Greene, Alexander and Torres"
155,"Thomas, Collins and Hicks"
156,Cruz-Conner
157,Murillo and Sons
158,"Cox, Lynch and Wallace"
159,"Short, Hunt and Fowler"
160,Mcneil LLC
161,Johnson-Cowan
162,"Williams, Webb and Edwards"
163,Hubbard PLC
164,"Cummings, James and Carter"
165,Snow LLC
166,Willis Inc
167,Patterson-Owens
168,Larson-Green
169,Carter Inc
170,"Valdez, Mason and Howard"
171,"Ware, Baker and Mckinney"
172,Smith Ltd
173,Snyder-Smith
174,Watts LLC
175,"Park, Golden and Lin"
176,"Walker, Nguyen and Vaughn"
177,King PLC
178,"Horton, Little and Munoz"
179,"Bartlett, Scott and Washington"
180,Morris Inc
181,Lambert PLC
182,Rodriguez Inc
183,Johnson-Castaneda
184,Martin-Mills
185,"Lee, Harris and Wagner"
186,Parker-Lloyd
187,"Hawkins, Sandoval and Miller"
188,"Sharp, Peterson and Greene"
189,Robinson-Best
190,Jenkins and Sons
191,Martinez-Khan
192,Smith-Shelton
193,Lloyd-Schmidt
194,Smith-Morales
195,Patterson-Taylor
196,Cross-Pace
197,Williams and Sons
198,Wilson Inc
199,Poole Group
200,"Sanders, Hicks and Avery"
201,Atkins Group
202,Moreno-Wilson
203,Mckee Group
204,Golden-Gonzales
205,Hicks and Sons
206,May-Roth
207,Wilson-Oneal
208,"Lewis, Guerra and Salinas"
209,Matthews-Hernandez
210,Thompson-Ferguson
211,"Robinson, Cruz and Collins"
212,"Kelly, Raymond and Owen"
213,"Anthony, Padilla and Watkins"
214,Williams and Sons
215,"Davis, Anderson and Davis"
216,Williams-Roberson
217,Mckee-Wright
218,"Bass, Johnson and Nelson"
219,Harper-Olsen
220,Bradley-Hamilton
221,Taylor Ltd
222,"Williams, Case and Reeves"
223,Rodriguez Group
224,"Jones, Perez and Potter"
225,Sutton Inc
226,Yates-Taylor
227,Aguilar-Chen
228,Lucas Ltd
229,Richard-Riley
230,"Fisher, Le and Turner"
231,"Fletcher, Blanchard and Gardner"
232,Mitchell LLC
233,"Rice, Velasquez and Freeman"
234,Fields Ltd
235,"Nelson, Morrison and Stewart"
236,Brady and Sons
237,"Snyder, Dawson and Briggs"
238,Williams Inc
239,Jones Group
240,Miller and Sons
241,Jones-Craig
242,"Torres, Boyd and Lee"
243,Turner Group
244,Rios Inc
245,Jimenez PLC
246,Foster-Jones
247,Snyder-Garcia
248,"Sanchez, Kim and Arroyo"
249,Robinson-Murphy
250,Jordan PLC
251,King Inc
252,"Mcintosh, Green and Tucker"
253,Reyes LLC
254,Willis Inc
255,Kelly LLC
256,Stevenson-Mccarty
257,Moore PLC
258,Howe-Bautista
259,"Fitzgerald, Dodson and Page"
260,"Green, Holt and Kim"
261,Obrien PLC
262,Murphy-Fleming
263,Short Inc
264,Lamb LLC
265,Murphy and Sons
266,Martin-Gomez
267,Snow PLC
268,Bates-Moore
269,Williams-Gardner
270,Brown-Fox
271,Butler LLC
272,Chandler-Pacheco
273,Richards-Taylor
274,"Garza, Weber and Williams"
275,Howell-Davidson
276,Huff Ltd
277,"Walker, Brown and Wang"
278,Lopez-Garner
279,Cervantes LLC
280,Morton Inc
281,Ramirez-Curry
282,Clark-Craig
283,Bonilla-Lawson
284,Garcia-Morris
285,Landry-Smith
286,"Boyle, Santos and Jensen"
287,"Adkins, Morris and Mills"
288,"Contreras, Mcintyre and Johnson"
289,Bell-Adams
290,"Cabrera, Pratt and Calderon"
291,Young PLC
292,"Garner, Richards and Cook"
293,"Flynn, Griffin and Kirk"
294,Taylor Group
295,Yoder LLC
296,"Page, Galloway and Huynh"
297,"Miller, Poole and Cooper"
298,"Davis, Castillo and Ware"
299,Nunez-Trujillo
300,"Murray, Glenn and Myers"
301,"Hardin, White and Gray"
302,"Jensen, Petty and Jensen"
303,Lopez Inc
304,Lee-Bradshaw
305,Weaver Inc
306,"Cox, Copeland and Vargas"
307,Robinson-King
308,"Dixon, Bernard and Bailey"
309,Floyd Inc
310,"Ruiz, Summers and Smith"
311,"Stevens, Parker and Hernandez"
312,"Porter, Smith and Thompson"
313,"Sullivan, Johnston and Davis"
314,Davis-Cruz
315,"Martinez, Ruiz and Kelly"
316,"Klein, Hall and Frey"
317,Lewis-Carlson
318,Torres and Sons
319,Holmes-Hart
320,Anderson-Moore
321,Smith-Woodard
322,"Copeland, Bailey and Blackwell"
323,"Middleton, Potter and Tucker"
324,Bradford-Edwards
325,White-Holmes
326,"Castaneda, Spencer and Nash"
327,Chavez-Garcia
328,"Shaffer, Smith and Brown"
329,Clark Inc
330,"Osborne, Wilson and Lawrence"
331,"Hayes, Shah and Simmons"
332,Gentry PLC
333,"Hogan, Scott and Best"
334,Johnson Ltd
335,"Thompson, Ellis and Rivera"
336,Pacheco-Burton
337,Duncan-Clark
338,Andrews-Nunez
339,Patel-Frey
340,"West, Tucker and Andrade"
341,Cuevas and Sons
342,Wood-Moore
343,Allen PLC
344,Mcdaniel Group
345,Brown Inc
346,Grimes PLC
347,Mcknight-Oliver
348,Herrera Inc
349,"Rodriguez, Hunt and Martinez"
350,"Mason, Gallegos and Williams"
351,Boyd-Howell
352,Garrett-Garcia
353,Johnson LLC
354,"Young, Price and Fleming"
355,Daniels-Gallegos
356,"Miller, Velez and Reynolds"
357,"Allen, Gutierrez and Jones"
358,"Blankenship, Kent and Williams"
359,Jarvis Ltd
360,Mitchell-Roy
361,Pittman-Ferrell
362,Boyd Ltd
363,"Williams, Crawford and Mason"
364,Roberts-Glover
365,Woods-Wilson
366,"Lloyd, Anderson and Owens"
367,Smith-Dillon
368,"Garza, Clark and Smith"
369,"Ramos, Rosario and Russell"
370,"Brown, Dixon and Blake"
371,Scott-Sanders
372,Carr-Dennis
373,"Perkins, Berry and Jones"
374,Blankenship PLC
375,Murray LLC
376,Elliott-Hernandez
377,Jordan-Lopez
378,"Macdonald, Khan and Richardson"
379,Hull Inc
380,"Pierce, Washington and Hudson"
381,"Sullivan, Campbell and Hicks"
382,Garcia Group
383,Diaz-Fischer
384,"Ballard, Diaz and Williams"
385,"Sandoval, Davis and Hall"
386,Gray-Richardson
387,Powers LLC
388,"Briggs, Grant and Carpenter"
389,Oconnell LLC
390,"Perry, Nelson and Mahoney"
391,Sanchez Inc
392,Rowland LLC
393,Krause-Miller
394,Boyd Inc
395,Ritter Inc
396,"Ward, King and Harvey"
397,Fisher-Obrien
398,Conner and Sons
399,"Williams, Paul and Guzman"
400,"Thomas, Morgan and Patrick"
401,Lynch Ltd
402,Tate-Orr
403,Griffith Inc
404,Nguyen Inc
405,Ellis Ltd
406,"Jones, Moore and White"
407,"Moreno, Luna and Chavez"
408,"Sullivan, Sims and Ramirez"
409,Hall-Bird
410,Edwards-Byrd
411,"Smith, Sanders and Hall"
412,Phillips-Vang
413,West Ltd
414,Booker LLC
415,"Arroyo, Rivera and Tucker"
416,Stewart Ltd
417,Sanchez and Sons
418,Cross-Jacobs
419,Martinez-Lee
420,Lynch and Sons
421,Lucas Group
422,"Gibbs, Krause and Boyd"
423,"Allen, Beck and Flores"
424,Rivera-Mclean
425,Walker and Sons
426,Jackson Group
427,Wagner Ltd
428,Dunn-Williams
429,Moore Inc
430,"Torres, Sanders and Matthews"
431,Molina-Fleming
432,Webster-Moore
433,Smith-Patel
434,"Gonzalez, Shaw and Ryan"
435,Palmer-Smith
436,"Maxwell, Fry and Burke"
437,Hamilton and Sons
438,Barnett Group
439,Washington LLC
440,"White, Spencer and Rose"
441,"Arroyo, Lopez and Ruiz"
442,Stone-Marshall
443,"Hill, Baldwin and Kemp"
444,"Adams, Atkinson and Watts"
445,Green Ltd
446,Ramirez Group
447,"Mclaughlin, Rivera and Sawyer"
448,Garcia-Black
449,Huffman-Hicks
450,Owens PLC
451,Nguyen Ltd
452,"Kelly, King and Miller"
453,Miller-Brennan
454,"Johnson, Dyer and Miller"
455,"Vega, Townsend and Hanson"
456,Griffith-Smith
457,Hess-Reid
458,Campbell Inc
459,"Fowler, Schmidt and Melendez"
460,Williams PLC
461,Cox-Leach
462,Mcfarland PLC
463,Pena-Tran
464,"Rowland, Santos and Moss"
465,Barr-Dixon
466,Johnson Inc
467,Olsen-Clark
468,Smith Ltd
469,Stevens LLC
470,Ramirez-Riley
471,"Arnold, Smith and Skinner"
472,Hayes-Saunders
473,Shepard-Mccoy
474,Matthews-Parker
475,Lowery and Sons
476,"Peterson, Hudson and Jenkins"
477,"Brown, Graham and Holt"
478,"Johnson, Nichols and Brown"
479,Cole-Cowan
480,"Rogers, Garcia and Anderson"
481,"Parker, Berry and Osborn"
482,Lutz PLC
483,Wang Inc
484,"Riley, Vance and Eaton"
485,Terry Group
486,Edwards-Malone
487,"Rogers, Carey and Jackson"
488,Rhodes Inc
489,"Hill, Ramirez and Rogers"
490,"Castillo, Dalton and Hopkins"
491,Foster-Hughes
492,Mcbride PLC
493,Morrison-Morris
494,Singh Inc
495,"Torres, Kennedy and Powell"
496,Mccormick-Goodwin
497,"Lewis, Durham and Hamilton"
498,Garcia Group
499,Armstrong and Sons
500,Cooper-Cooper
501,Sherman-Hull
502,"Wagner, James and Crawford"
503,Hoffman-Thornton
504,Meyer Inc
505,"Floyd, Payne and Bentley"
506,"Ayers, Thomas and Murray"
507,Lawrence-Fry
508,Farmer Inc
509,"Morgan, Soto and Leonard"
510,"Larson, Walker and Johnson"
511,Glenn-Buck
512,"Meyer, Miller and Berger"
513,Lopez-Johnson
514,Brown-Hood
515,Coleman-Hall
516,Bennett-Jacobson
517,Davis-Holmes
518,Thompson Inc
519,"Anderson, Stokes and Wang"
520,Stevens-Robinson
521,"Miller, Pierce and Solis"
522,Harper-Norman
523,"Burgess, Harper and White"
524,Garcia Group
525,"Barnett, Beck and Thornton"
526,"Coleman, Smith and Cox"
527,Williams-Carpenter
528,Torres-Huber
529,Martinez Ltd
530,"Rose, English and Henry"
531,"Jenkins, Watkins and Everett"
532,Bauer LLC
533,Moran LLC
534,Lee-Reilly
535,Santiago-Mueller
536,Swanson-Levine
537,Robertson LLC
538,Marshall PLC
539,Pierce-Johnson
540,"Martin, Hampton and Jacobs"
541,Hernandez LLC
542,"Cox, Cross and Thomas"
543,Carter PLC
544,Thompson-Hunter
545,Stewart-Hooper
546,Jones and Sons
547,Rice-Cooper
548,Brown-Baker
549,"Brown, Wood and Golden"
550,Miles-Ortiz
551,Nelson Group
552,Jones PLC
553,Romero LLC
554,Brown-Boone
555,Todd Group
556,Gallagher Inc
557,Perkins Group
558,Garner and Sons
559,Dyer LLC
560,"Krueger, Sims and Mueller"
561,Berry-Hopkins
562,Stein-Clark
563,"Richardson, Perry and Nixon"
564,"Fisher, Scott and Bray"
565,Ware-Moore
566,Hess-Hale
567,Carlson-Jones
568,"Tucker, Johnson and Mccoy"
569,"Vega, Herman and West"
570,Peters Group
571,Taylor Ltd
572,Rivera-Sutton
573,Nunez Ltd
574,"Avila, Hunt and Garcia"
575,Beck-Ryan
576,Hayes-Erickson
577,Bonilla and Sons
578,"Walker, Johnson and Lewis"
579,"Evans, Schneider and Hernandez"
580,Ramirez-Peterson
581,Dominguez PLC
582,"Wiggins, Taylor and Wiggins"
583,Ramirez and Sons
584,"Richardson, Munoz and Riggs"
585,"Underwood, Long and Ward"
586,Anderson-Williamson
587,Zuniga-Lynch
588,Costa-Dominguez
589,"Wright, Hughes and Holt"
590,"Hubbard, Hess and Hernandez"
591,Chen-Parker
592,Wood-Jackson
593,"Gibson, Mayo and Johnson"
594,Chaney Ltd
595,Miller Group
596,Jones Group
597,Crawford-Hart
598,Boyd Inc
599,"Bean, Mills and Lopez"
600,Kirk-Bailey
601,Miller LLC
602,Gonzalez-Schroeder
603,Montgomery and Sons
604,Shelton Ltd
605,"Smith, Bowen and Lawrence"
606,Ballard-Yoder
607,"Bean, Allen and Sullivan"
608,Lewis-Coleman
609,Ford-Delgado
610,Adkins Group
611,"Coleman, Schultz and Santana"
612,Carlson and Sons
613,Alexander-Collins
614,Harper LLC
615,Jones Ltd
616,Mays-Thornton
617,"Miller, Kent and Hoffman"
618,"Gregory, Harmon and Larsen"
619,Miller-Maxwell
620,"Snow, Roberson and Nichols"
621,Fowler-Deleon
622,Jones Ltd
623,Baker-Moore
624,"Taylor, Clay and Gonzalez"
625,"Smith, Pearson and Vega"
626,Ellis and Sons
627,Neal PLC
628,"Escobar, Williams and Harmon"
629,Castillo-Chang
630,"Hernandez, Anderson and Gregory"
631,"Gilbert, Brown and Nelson"
632,Strickland PLC
633,Duran-Cabrera
634,Miller-Meza
635,Mendoza-Moore
636,Campos-Miller
637,Walker-Andersen
638,"Mendoza, Johnson and Mathis"
639,Peterson-Gutierrez
640,"Velazquez, Reilly and Moore"
641,Brown-Davis
642,"Wood, Martinez and Black"
643,Rodriguez-Ball
644,"Giles, Rogers and Avila"
645,Perez PLC
646,"Kennedy, Wilson and Reynolds"
647,Obrien LLC
648,"Rios, Hamilton and Miller"
649,Jensen Ltd
650,Lewis and Sons
651,"Austin, Pope and Espinoza"
652,"Lopez, Howell and Rodriguez"
653,Scott-Bailey
654,Fisher Group
655,Taylor-Flowers
656,Flores-Barnett
657,Griffin LLC
658,Leonard LLC
659,"Moran, Martinez and Cook"
660,Martinez Inc
661,Sherman-Meza
662,"Bowen, Hoover and Olson"
663,Soto-Craig
664,Wilkerson LLC
665,"Leon, Maldonado and Johnson"
666,Blake and Sons
667,Carter-Garcia
668,"Franco, Fischer and Costa"
669,Atkins-Jones
670,Edwards PLC
671,"Riggs, Fritz and Shaw"
672,Murphy Ltd
673,"Farmer, Jones and Jennings"
674,Thomas Ltd
675,Nelson-Norton
676,Horton-Thompson
677,Brown-Patterson
678,Blankenship-Davis
679,"Green, Jacobs and Tate"
680,Hammond Ltd
681,"Williams, Martinez and Brown"
682,"Sanchez, Williams and Pace"
683,"Mcgee, Schultz and Obrien"
684,Miles Group
685,Cisneros-Austin
686,"Taylor, Williams and Harris"
687,"Cooper, Gibson and Hale"
688,Kelly-Sosa
689,Delacruz LLC
690,Barrera-Bailey
691,Michael-Dalton
692,"Nixon, Henson and Stewart"
693,Dominguez Ltd
694,Davis-Wilson
695,Shaffer-Chavez
696,Barton-Myers
697,Reid-Sellers
698,"Frost, Howard and Mckee"
699,"Gill, Curtis and Peterson"
700,"Woods, Martin and Decker"
701,Thornton and Sons
702,Lee PLC
703,"West, Davenport and Murray"
704,Morrison-Spence
705,Gomez-Webster
706,Martinez-Roy
707,Morrison-Williams
708,Washington Group
709,"Wong, Martinez and Ortega"
710,Rogers-Campbell
711,Barr-Wilson
712,"Norton, Smith and Richardson"
713,Kelley-Carlson
714,Evans-Williams
715,"Long, Lewis and Kelly"
716,"Robles, Ferguson and Baker"
717,Camacho-Allen
718,Graham Inc
719,Robles LLC
720,Horne-Baker
721,Chang-Bishop
722,"Johnston, Cook and Evans"
723,"Zimmerman, Pittman and Guzman"
724,Hudson Ltd
725,"Bennett, Thompson and Waters"
726,"Cabrera, Koch and Hernandez"
727,"Lewis, Nelson and Peterson"
728,"Atkins, Evans and Miller"
729,Wilson LLC
730,Kennedy and Sons
731,Murray PLC
732,Matthews-Vargas
733,Walton-Hicks
734,Cowan-Russo
735,"Stone, Smith and Logan"
736,Guzman-Williams
737,"Hendricks, Torres and Hayes"
738,Sanchez-Watson
739,Matthews LLC
740,Hill PLC
741,"Flores, Mcintyre and Cordova"
742,"Peterson, Thomas and Mcguire"
743,Miller-Kim
744,Espinoza LLC
745,Roberson-Ramos
746,Robinson-David
747,Gomez-Rogers
748,"Duncan, Wilkins and Scott"
749,Allen-Small
750,Hopkins-Horton
751,"Green, King and Austin"
752,"Knight, Ellis and Hopkins"
753,Lee LLC
754,Cherry PLC
755,Nguyen-Carter
756,Hernandez-Blair
757,Chan and Sons
758,"Robinson, Armstrong and Curtis"
759,Anthony Ltd
760,Copeland-Williams
761,"Torres, Nguyen and Hudson"
762,Williams-Diaz
763,"Olsen, Cox and Weaver"
764,Mcdowell-Cox
765,"Fernandez, Cameron and Gutierrez"
766,Hubbard-Brown
767,Beck-Bolton
768,Henry-Stevens
769,"Jackson, Lee and Johnson"
770,"Lam, Turner and Berger"
771,Garcia-Mcmahon
772,Floyd-Alvarado
773,Escobar-Hebert
774,Wong Group
775,Villarreal-Jennings
776,Snyder PLC
777,"Anderson, Hawkins and Griffin"
778,Hobbs-Chavez
779,"Anderson, Henry and Allen"
780,Patrick Inc
781,"Tucker, Joseph and Good"
782,Barnes-Ramos
783,"Joyce, Fischer and Cox"
784,Washington PLC
785,Garcia LLC
786,Morgan-Klein
787,Howell Ltd
788,Mcgee Inc
789,Jacobs-Smith
790,Eaton-Hinton
791,Walls Group
792,Simmons LLC
793,"Pacheco, Herrera and Yoder"
794,Thompson-Wilson
795,Melton LLC
796,Riley PLC
797,Farley PLC
798,Browning Inc
799,Thompson LLC
800,"May, Contreras and Hernandez"
801,Smith-Burns
802,Woods-Blair
803,Woods-Wells
804,Flynn LLC
805,Williams Ltd
806,"Snyder, Fischer and Stevenson"
807,Patrick PLC
808,Davis-Kelley
809,Hamilton Ltd
810,"Woods, King and White"
811,Martin-Gray
812,"Rowe, Ramirez and Taylor"
813,Gonzalez PLC
814,Barnett-Rivera
815,"Wallace, Scott and Moore"
816,"Lawson, Burke and Campbell"
817,James Inc
818,Griffin-Diaz
819,"Johnson, Cook and Oconnor"
820,Johnson PLC
821,Wilkins and Sons
822,"Morton, Ortega and Butler"
823,James Ltd
824,"James, Bailey and Sanders"
825,"Martinez, Rodriguez and Anderson"
826,Smith and Sons
827,Thomas LLC
828,Meadows and Sons
829,"Henderson, Martinez and Smith"
830,"Hill, Davila and Arias"
831,Caldwell Inc
832,"King, Torres and Hampton"
833,"Wilson, Howard and Guzman"
834,Perkins-Jenkins
835,"Garcia, Foster and Taylor"
836,Bell-Dean
837,Rhodes LLC
838,Ramirez-Boone
839,Rivera-Parker
840,"Cardenas, Gaines and Estes"
841,Brady LLC
842,Morgan-Schultz
843,Rios PLC
844,"Jones, Griffin and Simon"
845,"Crawford, Cole and Smith"
846,Gibbs-Russell
847,Campbell-Jenkins
848,"Riley, Mendez and Barnes"
849,Campbell-Bailey
850,Duncan Group
851,Aguilar-Sanchez
852,"Wells, Johnson and West"
853,Clark PLC
854,Carter Inc
855,"Boyle, Woods and Salas"
856,"Kerr, Fischer and Lindsey"
857,"Faulkner, Burke and Lopez"
858,Jackson-Stevens
859,"Krueger, Garcia and Miller"
860,"Allen, Sparks and Beck"
861,"Doyle, Perkins and Peters"
862,Reed Group
863,White-Dougherty
864,"Thompson, Moore and Martin"
865,Sutton-Stewart
866,"Holt, Williams and Dillon"
867,"Johnson, Rush and Alexander"
868,Johnson-Jordan
869,Sheppard Inc
870,"Martinez, Donovan and Sanders"
871,"Walsh, Foster and Ochoa"
872,Barrera PLC
873,Harper Group
874,"Lee, Bradford and Keller"
875,"Martinez, Cross and Marshall"
876,Adams PLC
877,Vincent-Martin
878,Terry-Joseph
879,"Cardenas, Moore and Mccarthy"
880,Gonzales-Taylor
881,Lewis-Chapman
882,Rodriguez Group
883,Brown-Rosario
884,Gomez LLC
885,Clark Ltd
886,Alvarez Group
887,Padilla Group
888,Mcknight-Allen
889,"Davila, Brock and Liu"
890,Jackson Ltd
891,"Nelson, Collins and Hodges"
892,"Hodge, Mcguire and Ray"
893,Baker Inc
894,Flores-Hanna
895,Mcmahon PLC
896,"Dillon, Daniels and Roberts"
897,Woods Inc
898,Boone PLC
899,Hardy-Thompson
900,Calhoun-Stafford
901,Nguyen PLC
902,Rosales-Brown
903,Simmons Inc
904,Stuart Group
905,Lewis Ltd
906,"Hernandez, Deleon and Carr"
907,Carr Group
908,Hayes PLC
909,Spencer-Smith
910,Pierce Group
911,"Johnson, Miller and Gonzalez"
912,Day and Sons
913,Young-Davies
914,Carroll LLC
915,"Bishop, Gallagher and Lowe"
916,Alexander PLC
917,"Martinez, Perez and Mcdonald"
918,Burton-Wheeler
919,Robles-Davis
920,Schneider-Pierce
921,Nguyen Inc
922,"Schaefer, Martinez and Rivera"
923,Armstrong-Berry
924,"Lewis, Price and Arnold"
925,"Lambert, Barajas and Mccarty"
926,"Jones, Quinn and Austin"
927,"Little, Schroeder and Williams"
928,"Miller, Rodriguez and Lopez"
929,Rubio Ltd
930,"Blair, Maldonado and Beasley"
931,Nicholson-Bradley
932,Williams PLC
933,Barton-Whitaker
934,"Hunt, Tate and Cook"
935,"Williams, Matthews and Contreras"
936,"Patterson, Vaughn and King"
937,Dillon and Sons
938,Clark PLC
939,Crane-Taylor
940,"Martinez, Bryant and Riddle"
941,Griffin-Washington
942,Thomas Group
943,Keith Inc
944,Randall-Chase
945,"Joseph, Johns and Bell"
946,Lee and Sons
947,"Cohen, Franklin and Evans"
948,Norton-Williams
949,Long-Johnson
950,Reeves Ltd
951,"Campbell, Payne and Fritz"
952,Savage LLC
953,Gutierrez Inc
954,Hill Group
955,Day Ltd
956,Wilcox-Hughes
957,Murphy-Medina
958,Smith-Allen
959,"Nash, Rivera and Miller"
960,"Fitzgerald, Fox and Welch"
961,Wood-Vasquez
962,Anderson PLC
963,Anderson Group
964,Watkins Group
965,Phillips-Turner
966,"Brewer, Ortiz and Malone"
967,Hunt Group
968,"Smith, Johnson and Howard"
969,Holt Ltd
970,Barber-Walsh
971,Moody and Sons
972,Boyer Ltd
973,Myers-Johnson
974,Mason-Rodriguez
975,Wilcox-Chung
976,Allen Group
977,"Perez, Alvarez and Smith"
978,Taylor-Moran
979,Fox LLC
980,Stokes Ltd
981,Cardenas-Booker
982,Garcia-Arias
983,Thompson LLC
984,"Murphy, Sanchez and Parker"
985,Garcia-Ortiz
986,White-Kirk
987,"Martinez, Powell and Ortiz"
988,Baker-Perez
989,"Guerrero, Baker and Rosales"
990,"Clark, Bowers and Richardson"
991,English Group
992,Young and Sons
993,"Hawkins, Sanders and Gonzalez"
994,Cooley Ltd
995,Chan Ltd
996,Rollins Group
997,Todd PLC
998,Morris-Grant
999,Cardenas LLC
1000,Flores-Garrett
